id;x;y;phi;v
a1;0;50;1.57518;1.5
o1;13.0703;1049.91;0;0
o2;20.0338;248.994;0;0
o3;-57.4047;445.859;0;0
o4;18.3115;649.721;0;0
a1;0;50;1.57518;1.5
